{
    "_comment": "Rare-Earth Nitrids(REN) WIEN2K eos data (courtesy of M. Topsakal)",
    "BM_fit_data": {
        "CeN": {
            "bulk_deriv": 4.513,
            "bulk_modulus_ev_ang3": 0.9077588457593351,
            "min_volume": 32.38026
        },
        "DyN": {
            "bulk_deriv": 4.125,
            "bulk_modulus_ev_ang3": 0.8924109748187882,
            "min_volume": 29.20946
        },
        "ErN": {
            "bulk_deriv": 4.46,
            "bulk_modulus_ev_ang3": 0.9229132299169797,
            "min_volume": 28.5106
        },
        "EuN": {
            "bulk_deriv": 4.435,
            "bulk_modulus_ev_ang3": 0.7316234582269096,
            "min_volume": 32.20066
        },
        "GdN": {
            "bulk_deriv": 0.222,
            "bulk_modulus_ev_ang3": 0.894345842647812,
            "min_volume": 31.07182
        },
        "HoN": {
            "bulk_deriv": 4.315,
            "bulk_modulus_ev_ang3": 0.9433978628681285,
            "min_volume": 29.06658
        },
        "LaN": {
            "bulk_deriv": 4.461,
            "bulk_modulus_ev_ang3": 0.7616950491954152,
            "min_volume": 37.55598
        },
        "LuN": {
            "bulk_deriv": 3.892,
            "bulk_modulus_ev_ang3": 1.0645393134923966,
            "min_volume": 27.09974
        },
        "NdN": {
            "bulk_deriv": 3.611,
            "bulk_modulus_ev_ang3": 0.7697153884221751,
            "min_volume": 33.14162
        },
        "PmN": {
            "bulk_deriv": 0.567,
            "bulk_modulus_ev_ang3": 0.8523092786849883,
            "min_volume": 31.99776
        },
        "PrN": {
            "bulk_deriv": 4.025,
            "bulk_modulus_ev_ang3": 0.7507911327524972,
            "min_volume": 32.66144
        },
        "SmN": {
            "bulk_deriv": 5.106,
            "bulk_modulus_ev_ang3": 0.7631805283673754,
            "min_volume": 31.93944
        },
        "TbN": {
            "bulk_deriv": 4.069,
            "bulk_modulus_ev_ang3": 0.8746538813556504,
            "min_volume": 29.54758
        },
        "TmN": {
            "bulk_deriv": 4.493,
            "bulk_modulus_ev_ang3": 0.8941149068101543,
            "min_volume": 28.0311
        },
        "YbN": {
            "bulk_deriv": 5.635,
            "bulk_modulus_ev_ang3": 0.8797906433662522,
            "min_volume": 27.7282
        }
    }
}
